n,time,flops
1024,0.0005704879760742188,3846203817820.8755
2048,0.0030484437942504884,5625974152394.026
4096,0.02135004997253418,6437468198129.796
8192,0.14754934310913087,7382240415028.648
16384,1.2478848457336427,7052418162174.524
