n,time,flops
100000000,0.003015565872192383,33166766303.332603
200000000,0.005924439430236817,33744705320.249943
300000000,0.008838081359863281,32555976885.95094
400000000,0.01175069808959961,30687422620.012142
500000000,0.014661741256713868,32765449096.9869
