n,time,flops
100000000,0.0030233383178710936,33069502542.72908
200000000,0.005945849418640137,33662015068.841232
300000000,0.00884542465209961,33924303157.06267
400000000,0.01175086498260498,33941307651.875538
500000000,0.014666748046875,34085999126.85209
