n,time,flops
1024,0.0017599344253540039,1428737168067.5022
2048,0.003654766082763672,4650349584210.836
4096,0.021831989288330078,6261699926014.64
8192,0.14791393280029297,7353571688887.364
16384,1.246687126159668,7060512480656.596
