n,time,flops
100000000,0.0029981851577758787,31267103393.748863
200000000,0.005899286270141602,33390981271.113148
300000000,0.008824753761291503,32677710885.891647
400000000,0.01172044277191162,33628869874.80005
