n,time,flops
100000000,0.003021049499511719,31428151320.130325
200000000,0.005897164344787598,33450486506.424816
300000000,0.008805489540100098,33046803353.113983
400000000,0.01172776222229004,33635617735.88235
