n,time,flops
100000000,0.0030331850051879884,31738605435.72464
200000000,0.008881354331970214,28461656769.794933
300000000,0.008879303932189941,31982081245.358036
400000000,0.011782383918762207,33448318828.643433
