n,time,flops
100000000,0.0030066728591918944,33200530274.04989
200000000,0.005940794944763184,33664569190.141426
300000000,0.008832955360412597,33967384935.743202
400000000,0.011768817901611328,33982460913.280594
500000000,0.01464693546295166,34080337715.412193
