n,time,flops
100000000,0.0029248476028442385,32566291574.76605
200000000,0.005737662315368652,33691803537.244587
300000000,0.008597898483276366,31593365201.51162
400000000,0.012477779388427734,30934744045.553707
