n,time,flops
100000000,0.0029931068420410156,31784172068.226242
200000000,0.005905675888061524,33352024408.6182
300000000,0.008814835548400879,33027657357.662636
400000000,0.011732745170593261,33634507853.28989
