n,time,flops
100000000,0.003022599220275879,33032946200.51741
200000000,0.005930542945861816,32312983926.176716
300000000,0.008912491798400878,30114958676.098965
400000000,0.011751747131347657,32773086526.864933
500000000,0.01494448184967041,30431958497.87723
