n,time,flops
100000000,0.003041362762451172,31273504184.112396
200000000,0.005941033363342285,33086162637.695805
300000000,0.008802151679992676,33128589426.67287
400000000,0.01171581745147705,33676786749.101513
