n,time,flops
100000000,0.0035207986831665037,28427702699.506836
200000000,0.006198287010192871,31700226281.1131
300000000,0.009050774574279784,32202870478.950813
400000000,0.01211719512939453,32595027713.731018
