n,time,flops
100000000,0.0032646894454956056,28960539607.923702
200000000,0.006203770637512207,31094259441.097424
300000000,0.009172987937927247,31656271478.066467
400000000,0.011912846565246582,32924358423.13177
