n,training time,inference time
100,9.12551999092102,0.004459381103515625
1000,8.67507815361023,0.0043468475341796875
10000,8.648301362991333,0.004425764083862305
100000,8.660174369812012,0.0045125484466552734
