n,time,flops
100000000,0.003278517723083496,29213552886.72421
200000000,0.006200861930847168,31721893174.966484
300000000,0.009138727188110351,31872838121.45279
400000000,0.012026286125183106,32788097533.483826
