n,time,flops
4000,0.010968255996704101,10907476327321.19
6000,0.03427438735961914,12618220200256.465
8000,0.06936075687408447,14643678088850.486
10000,0.13866806030273438,14439513220392.328
12000,0.23747551441192627,14551634976463.617
14000,0.37945473194122314,14482652882956.3
16000,0.5619596719741822,14584647836403.797
18000,0.8103622913360595,14415867553362.402
