n,time,flops
100000000,0.0015565156936645508,63487070091.354164
200000000,0.002569746971130371,77299186934.38779
300000000,0.0036737203598022463,81680378346.99579
400000000,0.0047787904739379885,83583155254.8113
