n,time,flops
100000000,0.0018343210220336914,52651107682.2051
200000000,0.003342270851135254,59667918135.22776
300000000,0.004821085929870605,62131844636.306656
400000000,0.006329154968261719,63130308949.01699
