n,time,flops
100000000,0.0018310070037841797,52753141534.40113
200000000,0.003329300880432129,60030105500.418976
300000000,0.004833436012268067,62056040178.31679
400000000,0.0062953710556030275,63421930928.33309
