n,time,flops
4000,0.0022310972213745116,54057586224961.66
6000,0.005278778076171875,81864823359406.36
8000,0.011272072792053223,90740656301825.61
10000,0.022652602195739745,88239642080638.77
12000,0.03860499858856201,90873588910668.98
14000,0.06150996685028076,89766994017148.38
16000,0.08312568664550782,98474218530312.17
18000,0.12582979202270508,93185074303107.5
