n,time,flops
100000000,0.001854705810546875,50495253115.703735
200000000,0.0033667325973510743,57764203304.56492
300000000,0.004808592796325684,60223824853.00149
400000000,0.006288576126098633,61895852266.47994
500000000,0.007672119140625,62976923280.27035
600000000,0.009360909461975098,61995356573.89202
700000000,0.010628128051757812,63856464212.07428
800000000,0.012269139289855957,63677343255.27086
900000000,0.01382908821105957,62718040478.454575
