n,time,flops
4000,0.02130579948425293,5602358185533.579
6000,0.06734423637390137,6412146962238.229
8000,0.1398075819015503,7256387647616.149
10000,0.28630833625793456,6986126321234.808
12000,0.47487616539001465,7287063749725.673
14000,0.7907812118530273,6956358676157.745
16000,1.1813748121261596,6927935059901.312
18000,1.7132436990737916,6805372890909.001
