n,training time,inference time
100,11.130850791931152,0.003595590591430664
1000,6.891357898712158,0.003631114959716797
10000,6.999345779418945,0.0037114620208740234
100000,6.9687981605529785,0.003910064697265625
