n,time,flops
1000,0.4411455154418945,2129.9944875692822
10000,0.7162263870239258,14020.421967394299
100000,3.5353648185729982,28199.31229256669
1000000,29.09965047836304,34384.560064824924
