n,time,flops
1000,1.5913667678833008,591.0705907099442
10000,1.6866226673126221,5959.4902668042805
100000,2.153389811515808,46409.18119677631
1000000,12.520188403129577,79971.97279710077
