n,time,flops
1000,1.0260257720947266,923.8767205150856
10000,1.149031686782837,8696.412717583447
100000,2.580200672149658,38653.02240254959
1000000,18.143360257148743,55088.028599083824
